__name__,scrape_series_added
instance,localhost:9090
job,prometheus
__name__,go_gc_duration_seconds
instance,localhost:9090
job,prometheus
quantile,0.5
__name__,go_gc_duration_seconds
instance,localhost:9090
job,prometheus
quantile,0.25
__name__,go_gc_duration_seconds
instance,localhost:9090
job,prometheus
quantile,1
__name__,go_gc_duration_seconds
instance,localhost:9090
job,prometheus
quantile,0.75
__name__,go_gc_duration_seconds
instance,localhost:9090
job,prometheus
quantile,0
__name__,go_gc_duration_seconds_count
instance,localhost:9090
job,prometheus
__name__,go_gc_duration_seconds_sum
instance,localhost:9090
job,prometheus
__name__,go_goroutines
instance,localhost:9090
job,prometheus
__name__,go_info
instance,localhost:9090
job,prometheus
version,go1.14.4
__name__,go_memstats_alloc_bytes
instance,localhost:9090
job,prometheus
__name__,go_memstats_alloc_bytes_total
instance,localhost:9090
job,prometheus
__name__,go_memstats_buck_hash_sys_bytes
instance,localhost:9090
job,prometheus
__name__,go_memstats_frees_total
instance,localhost:9090
job,prometheus
__name__,go_memstats_gc_cpu_fraction
instance,localhost:9090
job,prometheus
__name__,go_memstats_gc_sys_bytes
instance,localhost:9090
job,prometheus
__name__,go_memstats_heap_alloc_bytes
instance,localhost:9090
job,prometheus
__name__,go_memstats_heap_idle_bytes
instance,localhost:9090
job,prometheus
__name__,go_memstats_heap_inuse_bytes
instance,localhost:9090
job,prometheus
__name__,go_memstats_heap_objects
instance,localhost:9090
job,prometheus
__name__,go_memstats_heap_released_bytes
instance,localhost:9090
job,prometheus
__name__,go_memstats_heap_sys_bytes
instance,localhost:9090
job,prometheus
__name__,go_memstats_last_gc_time_seconds
instance,localhost:9090
job,prometheus
__name__,go_memstats_lookups_total
instance,localhost:9090
job,prometheus
__name__,go_memstats_mallocs_total
instance,localhost:9090
job,prometheus
__name__,go_memstats_mcache_inuse_bytes
instance,localhost:9090
job,prometheus
__name__,go_memstats_mcache_sys_bytes
instance,localhost:9090
job,prometheus
__name__,go_memstats_mspan_inuse_bytes
instance,localhost:9090
job,prometheus
__name__,go_memstats_mspan_sys_bytes
instance,localhost:9090
job,prometheus
__name__,go_memstats_next_gc_bytes
instance,localhost:9090
job,prometheus
__name__,go_memstats_other_sys_bytes
instance,localhost:9090
job,prometheus
__name__,go_memstats_stack_inuse_bytes
instance,localhost:9090
job,prometheus
__name__,go_memstats_stack_sys_bytes
instance,localhost:9090
job,prometheus
__name__,go_memstats_sys_bytes
instance,localhost:9090
job,prometheus
__name__,net_conntrack_dialer_conn_attempted_total
dialer_name,default
instance,localhost:9090
job,prometheus
__name__,net_conntrack_dialer_conn_attempted_total
dialer_name,alertmanager
instance,localhost:9090
job,prometheus
__name__,net_conntrack_dialer_conn_attempted_total
dialer_name,prometheus
instance,localhost:9090
job,prometheus
__name__,net_conntrack_dialer_conn_attempted_total
dialer_name,remote_storage
instance,localhost:9090
job,prometheus
__name__,net_conntrack_dialer_conn_closed_total
dialer_name,alertmanager
instance,localhost:9090
job,prometheus
__name__,net_conntrack_dialer_conn_closed_total
dialer_name,default
instance,localhost:9090
job,prometheus
__name__,net_conntrack_dialer_conn_closed_total
dialer_name,prometheus
instance,localhost:9090
job,prometheus
__name__,net_conntrack_dialer_conn_closed_total
dialer_name,remote_storage
instance,localhost:9090
job,prometheus
__name__,net_conntrack_dialer_conn_established_total
dialer_name,default
instance,localhost:9090
job,prometheus
__name__,net_conntrack_dialer_conn_established_total
dialer_name,remote_storage
instance,localhost:9090
job,prometheus
__name__,net_conntrack_dialer_conn_established_total
dialer_name,prometheus
instance,localhost:9090
job,prometheus
__name__,net_conntrack_dialer_conn_established_total
dialer_name,alertmanager
instance,localhost:9090
job,prometheus
__name__,net_conntrack_dialer_conn_failed_total
dialer_name,default
instance,localhost:9090
job,prometheus
reason,unknown
__name__,net_conntrack_dialer_conn_failed_total
dialer_name,remote_storage
instance,localhost:9090
job,prometheus
reason,refused
__name__,net_conntrack_dialer_conn_failed_total
dialer_name,default
instance,localhost:9090
job,prometheus
reason,resolution
__name__,net_conntrack_dialer_conn_failed_total
dialer_name,alertmanager
instance,localhost:9090
job,prometheus
reason,refused
__name__,net_conntrack_dialer_conn_failed_total
dialer_name,remote_storage
instance,localhost:9090
job,prometheus
reason,resolution
__name__,net_conntrack_dialer_conn_failed_total
dialer_name,prometheus
instance,localhost:9090
job,prometheus
reason,resolution
__name__,net_conntrack_dialer_conn_failed_total
dialer_name,alertmanager
instance,localhost:9090
job,prometheus
reason,timeout
__name__,net_conntrack_dialer_conn_failed_total
dialer_name,remote_storage
instance,localhost:9090
job,prometheus
reason,unknown
__name__,net_conntrack_dialer_conn_failed_total
dialer_name,prometheus
instance,localhost:9090
job,prometheus
reason,unknown
__name__,net_conntrack_dialer_conn_failed_total
dialer_name,alertmanager
instance,localhost:9090
job,prometheus
reason,unknown
__name__,net_conntrack_dialer_conn_failed_total
dialer_name,default
instance,localhost:9090
job,prometheus
reason,refused
__name__,net_conntrack_dialer_conn_failed_total
dialer_name,alertmanager
instance,localhost:9090
job,prometheus
reason,resolution
__name__,net_conntrack_dialer_conn_failed_total
dialer_name,default
instance,localhost:9090
job,prometheus
reason,timeout
__name__,net_conntrack_dialer_conn_failed_total
dialer_name,prometheus
instance,localhost:9090
job,prometheus
reason,refused
__name__,net_conntrack_dialer_conn_failed_total
dialer_name,prometheus
instance,localhost:9090
job,prometheus
reason,timeout
__name__,net_conntrack_dialer_conn_failed_total
dialer_name,remote_storage
instance,localhost:9090
job,prometheus
reason,timeout
__name__,net_conntrack_listener_conn_accepted_total
instance,localhost:9090
job,prometheus
listener_name,http
__name__,net_conntrack_listener_conn_closed_total
instance,localhost:9090
job,prometheus
listener_name,http
__name__,process_max_fds
instance,localhost:9090
job,prometheus
__name__,process_virtual_memory_bytes
instance,localhost:9090
job,prometheus
__name__,process_virtual_memory_max_bytes
instance,localhost:9090
job,prometheus
__name__,prometheus_api_remote_read_queries
instance,localhost:9090
job,prometheus
__name__,prometheus_build_info
branch,HEAD
goversion,go1.14.4
instance,localhost:9090
job,prometheus
revision,5d7e3e970602c755855340cb190a972cebdd2ebf
version,2.19.0
__name__,prometheus_config_last_reload_success_timestamp_seconds
instance,localhost:9090
job,prometheus
__name__,prometheus_config_last_reload_successful
instance,localhost:9090
job,prometheus
__name__,prometheus_engine_queries
instance,localhost:9090
job,prometheus
__name__,prometheus_engine_queries_concurrent_max
instance,localhost:9090
job,prometheus
__name__,prometheus_engine_query_duration_seconds
instance,localhost:9090
job,prometheus
quantile,0.99
slice,result_sort
__name__,prometheus_engine_query_duration_seconds
instance,localhost:9090
job,prometheus
quantile,0.99
slice,prepare_time
__name__,prometheus_engine_query_duration_seconds
instance,localhost:9090
job,prometheus
quantile,0.9
slice,inner_eval
__name__,prometheus_engine_query_duration_seconds
instance,localhost:9090
job,prometheus
quantile,0.5
slice,queue_time
__name__,prometheus_engine_query_duration_seconds
instance,localhost:9090
job,prometheus
quantile,0.5
slice,inner_eval
__name__,prometheus_engine_query_duration_seconds
instance,localhost:9090
job,prometheus
quantile,0.99
slice,queue_time
__name__,prometheus_engine_query_duration_seconds
instance,localhost:9090
job,prometheus
quantile,0.5
slice,prepare_time
__name__,prometheus_engine_query_duration_seconds
instance,localhost:9090
job,prometheus
quantile,0.9
slice,queue_time
__name__,prometheus_engine_query_duration_seconds
instance,localhost:9090
job,prometheus
quantile,0.99
slice,inner_eval
__name__,prometheus_engine_query_duration_seconds
instance,localhost:9090
job,prometheus
quantile,0.9
slice,result_sort
__name__,prometheus_engine_query_duration_seconds
instance,localhost:9090
job,prometheus
quantile,0.9
slice,prepare_time
__name__,prometheus_engine_query_duration_seconds
instance,localhost:9090
job,prometheus
quantile,0.5
slice,result_sort
__name__,prometheus_engine_query_duration_seconds_count
instance,localhost:9090
job,prometheus
slice,inner_eval
__name__,prometheus_engine_query_duration_seconds_count
instance,localhost:9090
job,prometheus
slice,queue_time
__name__,prometheus_engine_query_duration_seconds_count
instance,localhost:9090
job,prometheus
slice,result_sort
__name__,prometheus_engine_query_duration_seconds_count
instance,localhost:9090
job,prometheus
slice,prepare_time
__name__,prometheus_engine_query_duration_seconds_sum
instance,localhost:9090
job,prometheus
slice,inner_eval
__name__,prometheus_engine_query_duration_seconds_sum
instance,localhost:9090
job,prometheus
slice,prepare_time
__name__,prometheus_engine_query_duration_seconds_sum
instance,localhost:9090
job,prometheus
slice,result_sort
__name__,prometheus_engine_query_duration_seconds_sum
instance,localhost:9090
job,prometheus
slice,queue_time
__name__,prometheus_engine_query_log_enabled
instance,localhost:9090
job,prometheus
__name__,prometheus_engine_query_log_failures_total
instance,localhost:9090
job,prometheus
__name__,prometheus_http_request_duration_seconds_bucket
handler,/graph
instance,localhost:9090
job,prometheus
le,0.4
__name__,prometheus_http_request_duration_seconds_bucket
handler,/api/v1/query_range
instance,localhost:9090
job,prometheus
le,20
__name__,prometheus_http_request_duration_seconds_bucket
handler,/
instance,localhost:9090
job,prometheus
le,3
__name__,prometheus_http_request_duration_seconds_bucket
handler,/
instance,localhost:9090
job,prometheus
le,8
__name__,prometheus_http_request_duration_seconds_bucket
handler,/
instance,localhost:9090
job,prometheus
le,20
__name__,prometheus_http_request_duration_seconds_bucket
handler,/static/*filepath
instance,localhost:9090
job,prometheus
le,0.1
__name__,prometheus_http_request_duration_seconds_bucket
handler,/metrics
instance,localhost:9090
job,prometheus
le,8
__name__,prometheus_http_request_duration_seconds_bucket
handler,/metrics
instance,localhost:9090
job,prometheus
le,1
__name__,prometheus_http_request_duration_seconds_bucket
handler,/metrics
instance,localhost:9090
job,prometheus
le,20
__name__,prometheus_http_request_duration_seconds_bucket
handler,/metrics
instance,localhost:9090
job,prometheus
le,0.1
__name__,prometheus_http_request_duration_seconds_bucket
handler,/static/*filepath
instance,localhost:9090
job,prometheus
le,0.4
__name__,prometheus_http_request_duration_seconds_bucket
handler,/metrics
instance,localhost:9090
job,prometheus
le,60
__name__,prometheus_http_request_duration_seconds_bucket
handler,/api/v1/label/:name/values
instance,localhost:9090
job,prometheus
le,20
__name__,prometheus_http_request_duration_seconds_bucket
handler,/
instance,localhost:9090
job,prometheus
le,1
__name__,prometheus_http_request_duration_seconds_bucket
handler,/static/*filepath
instance,localhost:9090
job,prometheus
le,60
__name__,prometheus_http_request_duration_seconds_bucket
handler,/
instance,localhost:9090
job,prometheus
le,60
__name__,prometheus_http_request_duration_seconds_bucket
handler,/metrics
instance,localhost:9090
job,prometheus
le,0.4
__name__,prometheus_http_request_duration_seconds_bucket
handler,/api/v1/query_range
instance,localhost:9090
job,prometheus
le,60
__name__,prometheus_http_request_duration_seconds_bucket
handler,/static/*filepath
instance,localhost:9090
job,prometheus
le,8
__name__,prometheus_http_request_duration_seconds_bucket
handler,/static/*filepath
instance,localhost:9090
job,prometheus
le,1
__name__,prometheus_http_request_duration_seconds_bucket
handler,/metrics
instance,localhost:9090
job,prometheus
le,0.2
__name__,prometheus_http_request_duration_seconds_bucket
handler,/metrics
instance,localhost:9090
job,prometheus
le,3
__name__,prometheus_http_request_duration_seconds_bucket
handler,/api/v1/query
instance,localhost:9090
job,prometheus
le,60
__name__,prometheus_http_request_duration_seconds_bucket
handler,/static/*filepath
instance,localhost:9090
job,prometheus
le,0.2
__name__,prometheus_http_request_duration_seconds_bucket
handler,/static/*filepath
instance,localhost:9090
job,prometheus
le,20
__name__,prometheus_http_request_duration_seconds_bucket
handler,/static/*filepath
instance,localhost:9090
job,prometheus
le,3
__name__,prometheus_http_request_duration_seconds_bucket
handler,/metrics
instance,localhost:9090
job,prometheus
le,120
__name__,prometheus_http_request_duration_seconds_bucket
handler,/graph
instance,localhost:9090
job,prometheus
le,+Inf
__name__,prometheus_http_request_duration_seconds_bucket
handler,/metrics
instance,localhost:9090
job,prometheus
le,120
__name__,prometheus_http_request_duration_seconds_bucket
handler,/api/v1/label/:name/values
instance,localhost:9090
job,prometheus
le,60
__name__,prometheus_http_request_duration_seconds_bucket
handler,/
instance,localhost:9090
job,prometheus
le,120
__name__,prometheus_http_request_duration_seconds_bucket
handler,/api/v1/query
instance,localhost:9090
job,prometheus
le,+Inf
__name__,prometheus_http_request_duration_seconds_bucket
handler,/static/*filepath
instance,localhost:9090
job,prometheus
le,120
__name__,prometheus_http_request_duration_seconds_bucket
handler,/
instance,localhost:9090
job,prometheus
le,0.2
__name__,prometheus_http_request_duration_seconds_bucket
handler,/api/v1/query
instance,localhost:9090
job,prometheus
le,20
__name__,prometheus_http_request_duration_seconds_bucket
handler,/graph
instance,localhost:9090
job,prometheus
le,120
__name__,prometheus_http_request_duration_seconds_bucket
handler,/
instance,localhost:9090
job,prometheus
le,0.1
__name__,prometheus_http_request_duration_seconds_bucket
handler,/api/v1/query_range
instance,localhost:9090
job,prometheus
le,0.2
__name__,prometheus_http_request_duration_seconds_bucket
handler,/graph
instance,localhost:9090
job,prometheus
le,0.2
__name__,prometheus_http_request_duration_seconds_bucket
handler,/api/v1/label/:name/values
instance,localhost:9090
job,prometheus
le,3
__name__,prometheus_http_request_duration_seconds_bucket
handler,/api/v1/label/:name/values
instance,localhost:9090
job,prometheus
le,8
__name__,prometheus_http_request_duration_seconds_bucket
handler,/api/v1/query_range
instance,localhost:9090
job,prometheus
le,+Inf
__name__,prometheus_http_request_duration_seconds_bucket
handler,/graph
instance,localhost:9090
job,prometheus
le,20
__name__,prometheus_http_request_duration_seconds_bucket
handler,/api/v1/query_range
instance,localhost:9090
job,prometheus
le,0.1
__name__,prometheus_http_request_duration_seconds_bucket
handler,/
instance,localhost:9090
job,prometheus
le,0.4
__name__,prometheus_http_request_duration_seconds_bucket
handler,/api/v1/label/:name/values
instance,localhost:9090
job,prometheus
le,1
__name__,prometheus_http_request_duration_seconds_bucket
handler,/api/v1/query_range
instance,localhost:9090
job,prometheus
le,3
__name__,prometheus_http_request_duration_seconds_bucket
handler,/api/v1/label/:name/values
instance,localhost:9090
job,prometheus
le,+Inf
__name__,prometheus_http_request_duration_seconds_bucket
handler,/graph
instance,localhost:9090
job,prometheus
le,60
__name__,prometheus_http_request_duration_seconds_bucket
handler,/api/v1/query_range
instance,localhost:9090
job,prometheus
le,8
__name__,prometheus_http_request_duration_seconds_bucket
handler,/api/v1/label/:name/values
instance,localhost:9090
job,prometheus
le,120
__name__,prometheus_http_request_duration_seconds_bucket
handler,/api/v1/query_range
instance,localhost:9090
job,prometheus
le,0.4
__name__,prometheus_http_request_duration_seconds_bucket
handler,/graph
instance,localhost:9090
job,prometheus
le,0.1
__name__,prometheus_http_request_duration_seconds_bucket
handler,/
instance,localhost:9090
job,prometheus
le,+Inf
__name__,prometheus_http_request_duration_seconds_bucket
handler,/api/v1/query
instance,localhost:9090
job,prometheus
le,1
__name__,prometheus_http_request_duration_seconds_bucket
handler,/graph
instance,localhost:9090
job,prometheus
le,8
__name__,prometheus_http_request_duration_seconds_bucket
handler,/api/v1/query
instance,localhost:9090
job,prometheus
le,120
__name__,prometheus_http_request_duration_seconds_bucket
handler,/api/v1/query
instance,localhost:9090
job,prometheus
le,0.2
__name__,prometheus_http_request_duration_seconds_bucket
handler,/api/v1/query
instance,localhost:9090
job,prometheus
le,8
__name__,prometheus_http_request_duration_seconds_bucket
handler,/api/v1/query
instance,localhost:9090
job,prometheus
le,3
__name__,prometheus_http_request_duration_seconds_bucket
handler,/api/v1/query_range
instance,localhost:9090
job,prometheus
le,120
__name__,prometheus_http_request_duration_seconds_bucket
handler,/api/v1/query_range
instance,localhost:9090
job,prometheus
le,1
__name__,prometheus_http_request_duration_seconds_bucket
handler,/api/v1/label/:name/values
instance,localhost:9090
job,prometheus
le,0.2
__name__,prometheus_http_request_duration_seconds_bucket
handler,/static/*filepath
instance,localhost:9090
job,prometheus
le,+Inf
__name__,prometheus_http_request_duration_seconds_bucket
handler,/graph
instance,localhost:9090
job,prometheus
le,1
__name__,prometheus_http_request_duration_seconds_bucket
handler,/metrics
instance,localhost:9090
job,prometheus
le,+Inf
__name__,prometheus_http_request_duration_seconds_bucket
handler,/api/v1/query
instance,localhost:9090
job,prometheus
le,0.4
__name__,prometheus_http_request_duration_seconds_bucket
handler,/graph
instance,localhost:9090
job,prometheus
le,3
__name__,prometheus_http_request_duration_seconds_bucket
handler,/api/v1/query
instance,localhost:9090
job,prometheus
le,0.1
__name__,prometheus_http_request_duration_seconds_bucket
handler,/api/v1/label/:name/values
instance,localhost:9090
job,prometheus
le,0.4
__name__,prometheus_http_request_duration_seconds_bucket
handler,/api/v1/label/:name/values
instance,localhost:9090
job,prometheus
le,0.1
__name__,prometheus_http_request_duration_seconds_count
handler,/api/v1/query_range
instance,localhost:9090
job,prometheus
__name__,prometheus_http_request_duration_seconds_count
handler,/graph
instance,localhost:9090
job,prometheus
__name__,prometheus_http_request_duration_seconds_count
handler,/api/v1/label/:name/values
instance,localhost:9090
job,prometheus
__name__,prometheus_http_request_duration_seconds_count
handler,/metrics
instance,localhost:9090
job,prometheus
__name__,prometheus_http_request_duration_seconds_count
handler,/api/v1/query
instance,localhost:9090
job,prometheus
__name__,prometheus_http_request_duration_seconds_count
handler,/static/*filepath
instance,localhost:9090
job,prometheus
__name__,prometheus_http_request_duration_seconds_count
handler,/
instance,localhost:9090
job,prometheus
__name__,prometheus_http_request_duration_seconds_sum
handler,/graph
instance,localhost:9090
job,prometheus
__name__,prometheus_http_request_duration_seconds_sum
handler,/api/v1/label/:name/values
instance,localhost:9090
job,prometheus
__name__,prometheus_http_request_duration_seconds_sum
handler,/
instance,localhost:9090
job,prometheus
__name__,prometheus_http_request_duration_seconds_sum
handler,/metrics
instance,localhost:9090
job,prometheus
__name__,prometheus_http_request_duration_seconds_sum
handler,/api/v1/query_range
instance,localhost:9090
job,prometheus
__name__,prometheus_http_request_duration_seconds_sum
handler,/static/*filepath
instance,localhost:9090
job,prometheus
__name__,prometheus_http_request_duration_seconds_sum
handler,/api/v1/query
instance,localhost:9090
job,prometheus
__name__,prometheus_http_requests_total
code,200
handler,/graph
instance,localhost:9090
job,prometheus
__name__,prometheus_http_requests_total
code,200
handler,/metrics
instance,localhost:9090
job,prometheus
__name__,prometheus_http_requests_total
code,200
handler,/api/v1/query_range
instance,localhost:9090
job,prometheus
__name__,prometheus_http_requests_total
code,200
handler,/static/*filepath
instance,localhost:9090
job,prometheus
__name__,prometheus_http_requests_total
code,302
handler,/
instance,localhost:9090
job,prometheus
__name__,prometheus_http_requests_total
code,404
handler,/static/*filepath
instance,localhost:9090
job,prometheus
__name__,prometheus_http_requests_total
code,200
handler,/api/v1/label/:name/values
instance,localhost:9090
job,prometheus
__name__,prometheus_http_requests_total
code,200
handler,/api/v1/query
instance,localhost:9090
job,prometheus
__name__,prometheus_http_response_size_bytes_bucket
handler,/
instance,localhost:9090
job,prometheus
le,1e+07
__name__,prometheus_http_response_size_bytes_bucket
handler,/api/v1/query
instance,localhost:9090
job,prometheus
le,10000
__name__,prometheus_http_response_size_bytes_bucket
handler,/
instance,localhost:9090
job,prometheus
le,1e+06
__name__,prometheus_http_response_size_bytes_bucket
handler,/api/v1/query_range
instance,localhost:9090
job,prometheus
le,10000
__name__,prometheus_http_response_size_bytes_bucket
handler,/
instance,localhost:9090
job,prometheus
le,1e+09
__name__,prometheus_http_response_size_bytes_bucket
handler,/static/*filepath
instance,localhost:9090
job,prometheus
le,1e+08
__name__,prometheus_http_response_size_bytes_bucket
handler,/api/v1/label/:name/values
instance,localhost:9090
job,prometheus
le,10000
__name__,prometheus_http_response_size_bytes_bucket
handler,/graph
instance,localhost:9090
job,prometheus
le,10000
__name__,prometheus_http_response_size_bytes_bucket
handler,/static/*filepath
instance,localhost:9090
job,prometheus
le,1e+09
__name__,prometheus_http_response_size_bytes_bucket
handler,/static/*filepath
instance,localhost:9090
job,prometheus
le,1e+07
__name__,prometheus_http_response_size_bytes_bucket
handler,/graph
instance,localhost:9090
job,prometheus
le,1e+08
__name__,prometheus_http_response_size_bytes_bucket
handler,/graph
instance,localhost:9090
job,prometheus
le,1e+09
__name__,prometheus_http_response_size_bytes_bucket
handler,/
instance,localhost:9090
job,prometheus
le,1e+08
__name__,prometheus_http_response_size_bytes_bucket
handler,/api/v1/label/:name/values
instance,localhost:9090
job,prometheus
le,1e+06
__name__,prometheus_http_response_size_bytes_bucket
handler,/api/v1/query
instance,localhost:9090
job,prometheus
le,100000
__name__,prometheus_http_response_size_bytes_bucket
handler,/api/v1/label/:name/values
instance,localhost:9090
job,prometheus
le,1e+09
__name__,prometheus_http_response_size_bytes_bucket
handler,/metrics
instance,localhost:9090
job,prometheus
le,1e+06
__name__,prometheus_http_response_size_bytes_bucket
handler,/api/v1/label/:name/values
instance,localhost:9090
job,prometheus
le,100
__name__,prometheus_http_response_size_bytes_bucket
handler,/api/v1/query_range
instance,localhost:9090
job,prometheus
le,1e+08
__name__,prometheus_http_response_size_bytes_bucket
handler,/api/v1/label/:name/values
instance,localhost:9090
job,prometheus
le,1e+07
__name__,prometheus_http_response_size_bytes_bucket
handler,/static/*filepath
instance,localhost:9090
job,prometheus
le,1e+06
__name__,prometheus_http_response_size_bytes_bucket
handler,/api/v1/query_range
instance,localhost:9090
job,prometheus
le,1e+07
__name__,prometheus_http_response_size_bytes_bucket
handler,/static/*filepath
instance,localhost:9090
job,prometheus
le,10000
__name__,prometheus_http_response_size_bytes_bucket
handler,/api/v1/label/:name/values
instance,localhost:9090
job,prometheus
le,1e+08
__name__,prometheus_http_response_size_bytes_bucket
handler,/metrics
instance,localhost:9090
job,prometheus
le,10000
__name__,prometheus_http_response_size_bytes_bucket
handler,/metrics
instance,localhost:9090
job,prometheus
le,1e+07
__name__,prometheus_http_response_size_bytes_bucket
handler,/metrics
instance,localhost:9090
job,prometheus
le,1e+09
__name__,prometheus_http_response_size_bytes_bucket
handler,/metrics
instance,localhost:9090
job,prometheus
le,+Inf
__name__,prometheus_http_response_size_bytes_bucket
handler,/api/v1/query_range
instance,localhost:9090
job,prometheus
le,1e+09
__name__,prometheus_http_response_size_bytes_bucket
handler,/api/v1/query
instance,localhost:9090
job,prometheus
le,1e+07
__name__,prometheus_http_response_size_bytes_bucket
handler,/graph
instance,localhost:9090
job,prometheus
le,1e+07
__name__,prometheus_http_response_size_bytes_bucket
handler,/graph
instance,localhost:9090
job,prometheus
le,100
__name__,prometheus_http_response_size_bytes_bucket
handler,/static/*filepath
instance,localhost:9090
job,prometheus
le,1000
__name__,prometheus_http_response_size_bytes_bucket
handler,/api/v1/query
instance,localhost:9090
job,prometheus
le,1e+09
__name__,prometheus_http_response_size_bytes_bucket
handler,/metrics
instance,localhost:9090
job,prometheus
le,1e+08
__name__,prometheus_http_response_size_bytes_bucket
handler,/api/v1/query_range
instance,localhost:9090
job,prometheus
le,100000
__name__,prometheus_http_response_size_bytes_bucket
handler,/api/v1/query_range
instance,localhost:9090
job,prometheus
le,1e+06
__name__,prometheus_http_response_size_bytes_bucket
handler,/graph
instance,localhost:9090
job,prometheus
le,100000
__name__,prometheus_http_response_size_bytes_bucket
handler,/graph
instance,localhost:9090
job,prometheus
le,1e+06
__name__,prometheus_http_response_size_bytes_bucket
handler,/api/v1/query
instance,localhost:9090
job,prometheus
le,100
__name__,prometheus_http_response_size_bytes_bucket
handler,/api/v1/label/:name/values
instance,localhost:9090
job,prometheus
le,100000
__name__,prometheus_http_response_size_bytes_bucket
handler,/
instance,localhost:9090
job,prometheus
le,10000
__name__,prometheus_http_response_size_bytes_bucket
handler,/api/v1/query
instance,localhost:9090
job,prometheus
le,1e+08
__name__,prometheus_http_response_size_bytes_bucket
handler,/api/v1/query
instance,localhost:9090
job,prometheus
le,1e+06
__name__,prometheus_http_response_size_bytes_bucket
handler,/metrics
instance,localhost:9090
job,prometheus
le,1000
__name__,prometheus_http_response_size_bytes_bucket
handler,/
instance,localhost:9090
job,prometheus
le,1000
__name__,prometheus_http_response_size_bytes_bucket
handler,/metrics
instance,localhost:9090
job,prometheus
le,100000
__name__,prometheus_http_response_size_bytes_bucket
handler,/graph
instance,localhost:9090
job,prometheus
le,1000
__name__,prometheus_http_response_size_bytes_bucket
handler,/metrics
instance,localhost:9090
job,prometheus
le,100
__name__,prometheus_http_response_size_bytes_bucket
handler,/api/v1/query_range
instance,localhost:9090
job,prometheus
le,+Inf
__name__,prometheus_http_response_size_bytes_bucket
handler,/graph
instance,localhost:9090
job,prometheus
le,+Inf
__name__,prometheus_http_response_size_bytes_bucket
handler,/api/v1/query_range
instance,localhost:9090
job,prometheus
le,1000
__name__,prometheus_http_response_size_bytes_bucket
handler,/api/v1/query
instance,localhost:9090
job,prometheus
le,+Inf
__name__,prometheus_http_response_size_bytes_bucket
handler,/
instance,localhost:9090
job,prometheus
le,+Inf
__name__,prometheus_http_response_size_bytes_bucket
handler,/api/v1/query
instance,localhost:9090
job,prometheus
le,1000
__name__,prometheus_http_response_size_bytes_bucket
handler,/api/v1/label/:name/values
instance,localhost:9090
job,prometheus
le,+Inf
__name__,prometheus_http_response_size_bytes_bucket
handler,/static/*filepath
instance,localhost:9090
job,prometheus
le,100000
__name__,prometheus_http_response_size_bytes_bucket
handler,/static/*filepath
instance,localhost:9090
job,prometheus
le,+Inf
__name__,prometheus_http_response_size_bytes_bucket
handler,/
instance,localhost:9090
job,prometheus
le,100000
__name__,prometheus_http_response_size_bytes_bucket
handler,/
instance,localhost:9090
job,prometheus
le,100
__name__,prometheus_http_response_size_bytes_bucket
handler,/api/v1/label/:name/values
instance,localhost:9090
job,prometheus
le,1000
__name__,prometheus_http_response_size_bytes_bucket
handler,/static/*filepath
instance,localhost:9090
job,prometheus
le,100
__name__,prometheus_http_response_size_bytes_bucket
handler,/api/v1/query_range
instance,localhost:9090
job,prometheus
le,100
__name__,prometheus_http_response_size_bytes_count
handler,/graph
instance,localhost:9090
job,prometheus
__name__,prometheus_http_response_size_bytes_count
handler,/api/v1/query
instance,localhost:9090
job,prometheus
__name__,prometheus_http_response_size_bytes_count
handler,/static/*filepath
instance,localhost:9090
job,prometheus
__name__,prometheus_http_response_size_bytes_count
handler,/api/v1/label/:name/values
instance,localhost:9090
job,prometheus
__name__,prometheus_http_response_size_bytes_count
handler,/
instance,localhost:9090
job,prometheus
__name__,prometheus_http_response_size_bytes_count
handler,/metrics
instance,localhost:9090
job,prometheus
__name__,prometheus_http_response_size_bytes_count
handler,/api/v1/query_range
instance,localhost:9090
job,prometheus
__name__,prometheus_http_response_size_bytes_sum
handler,/graph
instance,localhost:9090
job,prometheus
__name__,prometheus_http_response_size_bytes_sum
handler,/metrics
instance,localhost:9090
job,prometheus
__name__,prometheus_http_response_size_bytes_sum
handler,/api/v1/label/:name/values
instance,localhost:9090
job,prometheus
__name__,prometheus_http_response_size_bytes_sum
handler,/api/v1/query
instance,localhost:9090
job,prometheus
__name__,prometheus_http_response_size_bytes_sum
handler,/api/v1/query_range
instance,localhost:9090
job,prometheus
__name__,prometheus_http_response_size_bytes_sum
handler,/
instance,localhost:9090
job,prometheus
__name__,prometheus_http_response_size_bytes_sum
handler,/static/*filepath
instance,localhost:9090
job,prometheus
__name__,prometheus_http_response_size_bytes_sum
handler,/api/v1/query_range
instance,localhost:9090
job,prometheus
__name__,prometheus_notifications_alertmanagers_discovered
instance,localhost:9090
job,prometheus
__name__,prometheus_notifications_dropped_total
instance,localhost:9090
job,prometheus
__name__,prometheus_notifications_queue_capacity
instance,localhost:9090
job,prometheus
__name__,prometheus_notifications_queue_length
instance,localhost:9090
job,prometheus
__name__,prometheus_remote_storage_dropped_samples_total
instance,localhost:9090
job,prometheus
remote_name,bcf735
url,http://host.docker.internal:9009/api/prom/push
__name__,prometheus_remote_storage_enqueue_retries_total
instance,localhost:9090
job,prometheus
remote_name,bcf735
url,http://host.docker.internal:9009/api/prom/push
__name__,prometheus_remote_storage_failed_samples_total
instance,localhost:9090
job,prometheus
remote_name,bcf735
url,http://host.docker.internal:9009/api/prom/push
__name__,prometheus_remote_storage_highest_timestamp_in_seconds
instance,localhost:9090
job,prometheus
__name__,prometheus_remote_storage_pending_samples
instance,localhost:9090
job,prometheus
remote_name,bcf735
url,http://host.docker.internal:9009/api/prom/push
__name__,prometheus_remote_storage_retried_samples_total
instance,localhost:9090
job,prometheus
remote_name,bcf735
url,http://host.docker.internal:9009/api/prom/push
__name__,prometheus_remote_storage_samples_in_total
instance,localhost:9090
job,prometheus
__name__,prometheus_remote_storage_sent_batch_duration_seconds_bucket
instance,localhost:9090
job,prometheus
le,5
remote_name,bcf735
url,http://host.docker.internal:9009/api/prom/push
__name__,prometheus_remote_storage_sent_batch_duration_seconds_bucket
instance,localhost:9090
job,prometheus
le,2.5
remote_name,bcf735
url,http://host.docker.internal:9009/api/prom/push
__name__,prometheus_remote_storage_sent_batch_duration_seconds_bucket
instance,localhost:9090
job,prometheus
le,0.25
remote_name,bcf735
url,http://host.docker.internal:9009/api/prom/push
__name__,prometheus_remote_storage_sent_batch_duration_seconds_bucket
instance,localhost:9090
job,prometheus
le,0.1
remote_name,bcf735
url,http://host.docker.internal:9009/api/prom/push
__name__,prometheus_remote_storage_sent_batch_duration_seconds_bucket
instance,localhost:9090
job,prometheus
le,0.5
remote_name,bcf735
url,http://host.docker.internal:9009/api/prom/push
__name__,prometheus_remote_storage_sent_batch_duration_seconds_bucket
instance,localhost:9090
job,prometheus
le,0.005
remote_name,bcf735
url,http://host.docker.internal:9009/api/prom/push
__name__,prometheus_remote_storage_sent_batch_duration_seconds_bucket
instance,localhost:9090
job,prometheus
le,0.025
remote_name,bcf735
url,http://host.docker.internal:9009/api/prom/push
__name__,prometheus_remote_storage_sent_batch_duration_seconds_bucket
instance,localhost:9090
job,prometheus
le,10
remote_name,bcf735
url,http://host.docker.internal:9009/api/prom/push
__name__,prometheus_remote_storage_sent_batch_duration_seconds_bucket
instance,localhost:9090
job,prometheus
le,1
remote_name,bcf735
url,http://host.docker.internal:9009/api/prom/push
__name__,prometheus_remote_storage_sent_batch_duration_seconds_bucket
instance,localhost:9090
job,prometheus
le,+Inf
remote_name,bcf735
url,http://host.docker.internal:9009/api/prom/push
__name__,prometheus_remote_storage_sent_batch_duration_seconds_bucket
instance,localhost:9090
job,prometheus
le,0.01
remote_name,bcf735
url,http://host.docker.internal:9009/api/prom/push
__name__,prometheus_remote_storage_sent_batch_duration_seconds_bucket
instance,localhost:9090
job,prometheus
le,0.05
remote_name,bcf735
url,http://host.docker.internal:9009/api/prom/push
__name__,prometheus_remote_storage_sent_batch_duration_seconds_count
instance,localhost:9090
job,prometheus
remote_name,bcf735
url,http://host.docker.internal:9009/api/prom/push
__name__,prometheus_remote_storage_sent_batch_duration_seconds_sum
instance,localhost:9090
job,prometheus
remote_name,bcf735
url,http://host.docker.internal:9009/api/prom/push
__name__,prometheus_remote_storage_sent_bytes_total
instance,localhost:9090
job,prometheus
remote_name,bcf735
url,http://host.docker.internal:9009/api/prom/push
__name__,prometheus_remote_storage_shard_capacity
instance,localhost:9090
job,prometheus
remote_name,bcf735
url,http://host.docker.internal:9009/api/prom/push
__name__,prometheus_remote_storage_shards
instance,localhost:9090
job,prometheus
remote_name,bcf735
url,http://host.docker.internal:9009/api/prom/push
__name__,prometheus_remote_storage_shards_desired
instance,localhost:9090
job,prometheus
remote_name,bcf735
url,http://host.docker.internal:9009/api/prom/push
__name__,prometheus_remote_storage_shards_max
instance,localhost:9090
job,prometheus
remote_name,bcf735
url,http://host.docker.internal:9009/api/prom/push
__name__,prometheus_remote_storage_shards_min
instance,localhost:9090
job,prometheus
remote_name,bcf735
url,http://host.docker.internal:9009/api/prom/push
__name__,prometheus_remote_storage_succeeded_samples_total
instance,localhost:9090
job,prometheus
remote_name,bcf735
url,http://host.docker.internal:9009/api/prom/push
__name__,prometheus_rule_evaluation_duration_seconds
instance,localhost:9090
job,prometheus
quantile,0.99
__name__,prometheus_rule_evaluation_duration_seconds
instance,localhost:9090
job,prometheus
quantile,0.9
__name__,prometheus_rule_evaluation_duration_seconds
instance,localhost:9090
job,prometheus
quantile,0.5
__name__,prometheus_rule_evaluation_duration_seconds_count
instance,localhost:9090
job,prometheus
__name__,prometheus_rule_evaluation_duration_seconds_sum
instance,localhost:9090
job,prometheus
__name__,prometheus_rule_group_duration_seconds
instance,localhost:9090
job,prometheus
quantile,0.9
__name__,prometheus_rule_group_duration_seconds
instance,localhost:9090
job,prometheus
quantile,0.01
__name__,prometheus_rule_group_duration_seconds
instance,localhost:9090
job,prometheus
quantile,0.05
__name__,prometheus_rule_group_duration_seconds
instance,localhost:9090
job,prometheus
quantile,0.99
__name__,prometheus_rule_group_duration_seconds
instance,localhost:9090
job,prometheus
quantile,0.5
__name__,prometheus_rule_group_duration_seconds_count
instance,localhost:9090
job,prometheus
__name__,prometheus_rule_group_duration_seconds_sum
instance,localhost:9090
job,prometheus
__name__,prometheus_rule_group_iterations_missed_total
instance,localhost:9090
job,prometheus
__name__,prometheus_rule_group_iterations_total
instance,localhost:9090
job,prometheus
__name__,prometheus_sd_consul_rpc_duration_seconds
call,services
endpoint,catalog
instance,localhost:9090
job,prometheus
quantile,0.9
__name__,prometheus_sd_consul_rpc_duration_seconds
call,service
endpoint,catalog
instance,localhost:9090
job,prometheus
quantile,0.99
__name__,prometheus_sd_consul_rpc_duration_seconds
call,service
endpoint,catalog
instance,localhost:9090
job,prometheus
quantile,0.5
__name__,prometheus_sd_consul_rpc_duration_seconds
call,services
endpoint,catalog
instance,localhost:9090
job,prometheus
quantile,0.5
__name__,prometheus_sd_consul_rpc_duration_seconds
call,service
endpoint,catalog
instance,localhost:9090
job,prometheus
quantile,0.9
__name__,prometheus_sd_consul_rpc_duration_seconds
call,services
endpoint,catalog
instance,localhost:9090
job,prometheus
quantile,0.99
__name__,prometheus_sd_consul_rpc_duration_seconds_count
call,service
endpoint,catalog
instance,localhost:9090
job,prometheus
__name__,prometheus_sd_consul_rpc_duration_seconds_count
call,services
endpoint,catalog
instance,localhost:9090
job,prometheus
__name__,prometheus_sd_consul_rpc_duration_seconds_sum
call,service
endpoint,catalog
instance,localhost:9090
job,prometheus
__name__,prometheus_sd_consul_rpc_duration_seconds_sum
call,services
endpoint,catalog
instance,localhost:9090
job,prometheus
__name__,prometheus_sd_consul_rpc_failures_total
instance,localhost:9090
job,prometheus
__name__,prometheus_sd_discovered_targets
config,config-0
instance,localhost:9090
job,prometheus
name,notify
__name__,prometheus_sd_discovered_targets
config,prometheus
instance,localhost:9090
job,prometheus
name,scrape
__name__,prometheus_sd_dns_lookup_failures_total
instance,localhost:9090
job,prometheus
__name__,prometheus_sd_dns_lookups_total
instance,localhost:9090
job,prometheus
__name__,prometheus_sd_failed_configs
instance,localhost:9090
job,prometheus
name,scrape
__name__,prometheus_sd_failed_configs
instance,localhost:9090
job,prometheus
name,notify
__name__,prometheus_sd_file_read_errors_total
instance,localhost:9090
job,prometheus
__name__,prometheus_sd_file_read_errors_total
instance,localhost:9090
job,prometheus
__name__,prometheus_sd_file_scan_duration_seconds
instance,localhost:9090
job,prometheus
quantile,0.99
__name__,prometheus_sd_file_scan_duration_seconds
instance,localhost:9090
job,prometheus
quantile,0.9
__name__,prometheus_sd_file_scan_duration_seconds
instance,localhost:9090
job,prometheus
quantile,0.5
__name__,prometheus_sd_file_scan_duration_seconds_count
instance,localhost:9090
job,prometheus
__name__,prometheus_sd_file_scan_duration_seconds_sum
instance,localhost:9090
job,prometheus
__name__,prometheus_sd_kubernetes_events_total
event,update
instance,localhost:9090
job,prometheus
role,ingress
__name__,prometheus_sd_kubernetes_events_total
event,update
instance,localhost:9090
job,prometheus
role,endpoints
__name__,prometheus_sd_kubernetes_events_total
event,add
instance,localhost:9090
job,prometheus
role,node
__name__,prometheus_sd_kubernetes_events_total
event,delete
instance,localhost:9090
job,prometheus
role,service
__name__,prometheus_sd_kubernetes_events_total
event,delete
instance,localhost:9090
job,prometheus
role,ingress
__name__,prometheus_sd_kubernetes_events_total
event,update
instance,localhost:9090
job,prometheus
role,service
__name__,prometheus_sd_kubernetes_events_total
event,add
instance,localhost:9090
job,prometheus
role,ingress
__name__,prometheus_sd_kubernetes_events_total
event,update
instance,localhost:9090
job,prometheus
role,pod
__name__,prometheus_sd_kubernetes_events_total
event,delete
instance,localhost:9090
job,prometheus
role,node
__name__,prometheus_sd_kubernetes_events_total
event,update
instance,localhost:9090
job,prometheus
role,node
__name__,prometheus_sd_kubernetes_events_total
event,add
instance,localhost:9090
job,prometheus
role,pod
__name__,prometheus_sd_kubernetes_events_total
event,add
instance,localhost:9090
job,prometheus
role,service
__name__,prometheus_sd_kubernetes_events_total
event,delete
instance,localhost:9090
job,prometheus
role,pod
__name__,prometheus_sd_kubernetes_events_total
event,delete
instance,localhost:9090
job,prometheus
role,endpoints
__name__,prometheus_sd_kubernetes_events_total
event,add
instance,localhost:9090
job,prometheus
role,endpoints
__name__,prometheus_sd_received_updates_total
instance,localhost:9090
job,prometheus
name,scrape
__name__,prometheus_sd_received_updates_total
instance,localhost:9090
job,prometheus
name,notify
__name__,prometheus_sd_updates_total
instance,localhost:9090
job,prometheus
name,scrape
__name__,prometheus_sd_updates_total
instance,localhost:9090
job,prometheus
name,notify
__name__,prometheus_target_interval_length_seconds
instance,localhost:9090
interval,15s
job,prometheus
quantile,0.99
__name__,prometheus_target_interval_length_seconds
instance,localhost:9090
interval,15s
job,prometheus
quantile,0.05
__name__,prometheus_target_interval_length_seconds
instance,localhost:9090
interval,15s
job,prometheus
quantile,0.5
__name__,prometheus_target_interval_length_seconds
instance,localhost:9090
interval,15s
job,prometheus
quantile,0.9
__name__,prometheus_target_interval_length_seconds
instance,localhost:9090
interval,15s
job,prometheus
quantile,0.01
__name__,prometheus_target_interval_length_seconds_count
instance,localhost:9090
interval,15s
job,prometheus
__name__,prometheus_target_interval_length_seconds_sum
instance,localhost:9090
interval,15s
job,prometheus
__name__,prometheus_target_metadata_cache_bytes
instance,localhost:9090
job,prometheus
scrape_job,prometheus
__name__,prometheus_target_metadata_cache_entries
instance,localhost:9090
job,prometheus
scrape_job,prometheus
__name__,prometheus_target_scrape_pool_reloads_failed_total
instance,localhost:9090
job,prometheus
__name__,prometheus_target_scrape_pool_reloads_total
instance,localhost:9090
job,prometheus
__name__,prometheus_target_scrape_pool_sync_total
instance,localhost:9090
job,prometheus
scrape_job,prometheus
__name__,prometheus_target_scrape_pools_failed_total
instance,localhost:9090
job,prometheus
__name__,prometheus_target_scrape_pools_total
instance,localhost:9090
job,prometheus
__name__,prometheus_target_scrapes_cache_flush_forced_total
instance,localhost:9090
job,prometheus
__name__,prometheus_target_scrapes_exceeded_sample_limit_total
instance,localhost:9090
job,prometheus
__name__,prometheus_target_scrapes_sample_duplicate_timestamp_total
instance,localhost:9090
job,prometheus
__name__,prometheus_target_scrapes_sample_out_of_bounds_total
instance,localhost:9090
job,prometheus
__name__,prometheus_target_scrapes_sample_out_of_order_total
instance,localhost:9090
job,prometheus
__name__,prometheus_target_sync_length_seconds
instance,localhost:9090
job,prometheus
quantile,0.05
scrape_job,prometheus
__name__,prometheus_target_sync_length_seconds
instance,localhost:9090
job,prometheus
quantile,0.9
scrape_job,prometheus
__name__,prometheus_target_sync_length_seconds
instance,localhost:9090
job,prometheus
quantile,0.99
scrape_job,prometheus
__name__,prometheus_target_sync_length_seconds
instance,localhost:9090
job,prometheus
quantile,0.01
scrape_job,prometheus
__name__,prometheus_target_sync_length_seconds
instance,localhost:9090
job,prometheus
quantile,0.5
scrape_job,prometheus
__name__,prometheus_target_sync_length_seconds_count
instance,localhost:9090
job,prometheus
scrape_job,prometheus
__name__,prometheus_target_sync_length_seconds_sum
instance,localhost:9090
job,prometheus
scrape_job,prometheus
__name__,prometheus_template_text_expansion_failures_total
instance,localhost:9090
job,prometheus
__name__,prometheus_template_text_expansions_total
instance,localhost:9090
job,prometheus
__name__,prometheus_treecache_watcher_goroutines
instance,localhost:9090
job,prometheus
__name__,prometheus_treecache_zookeeper_failures_total
instance,localhost:9090
job,prometheus
__name__,prometheus_tsdb_blocks_loaded
instance,localhost:9090
job,prometheus
__name__,prometheus_tsdb_checkpoint_creations_failed_total
instance,localhost:9090
job,prometheus
__name__,prometheus_tsdb_checkpoint_creations_total
instance,localhost:9090
job,prometheus
__name__,prometheus_tsdb_checkpoint_deletions_failed_total
instance,localhost:9090
job,prometheus
__name__,prometheus_tsdb_checkpoint_deletions_total
instance,localhost:9090
job,prometheus
__name__,prometheus_tsdb_compaction_chunk_range_seconds_bucket
instance,localhost:9090
job,prometheus
le,102400
__name__,prometheus_tsdb_compaction_chunk_range_seconds_bucket
instance,localhost:9090
job,prometheus
le,100
__name__,prometheus_tsdb_compaction_chunk_range_seconds_bucket
instance,localhost:9090
job,prometheus
le,409600
__name__,prometheus_tsdb_compaction_chunk_range_seconds_bucket
instance,localhost:9090
job,prometheus
le,400
__name__,prometheus_tsdb_compaction_chunk_range_seconds_bucket
instance,localhost:9090
job,prometheus
le,25600
__name__,prometheus_tsdb_compaction_chunk_range_seconds_bucket
instance,localhost:9090
job,prometheus
le,6400
__name__,prometheus_tsdb_compaction_chunk_range_seconds_bucket
instance,localhost:9090
job,prometheus
le,6.5536e+06
__name__,prometheus_tsdb_compaction_chunk_range_seconds_bucket
instance,localhost:9090
job,prometheus
le,1600
__name__,prometheus_tsdb_compaction_chunk_range_seconds_bucket
instance,localhost:9090
job,prometheus
le,2.62144e+07
__name__,prometheus_tsdb_compaction_chunk_range_seconds_bucket
instance,localhost:9090
job,prometheus
le,1.6384e+06
__name__,prometheus_tsdb_compaction_chunk_range_seconds_bucket
instance,localhost:9090
job,prometheus
le,+Inf
__name__,prometheus_tsdb_compaction_chunk_range_seconds_count
instance,localhost:9090
job,prometheus
__name__,prometheus_tsdb_compaction_chunk_range_seconds_sum
instance,localhost:9090
job,prometheus
__name__,prometheus_tsdb_compaction_chunk_samples_bucket
instance,localhost:9090
job,prometheus
le,102.515625
__name__,prometheus_tsdb_compaction_chunk_samples_bucket
instance,localhost:9090
job,prometheus
le,230.66015625
__name__,prometheus_tsdb_compaction_chunk_samples_bucket
instance,localhost:9090
job,prometheus
le,345.990234375
__name__,prometheus_tsdb_compaction_chunk_samples_bucket
instance,localhost:9090
job,prometheus
le,13.5
__name__,prometheus_tsdb_compaction_chunk_samples_bucket
instance,localhost:9090
job,prometheus
le,20.25
__name__,prometheus_tsdb_compaction_chunk_samples_bucket
instance,localhost:9090
job,prometheus
le,153.7734375
__name__,prometheus_tsdb_compaction_chunk_samples_bucket
instance,localhost:9090
job,prometheus
le,9
__name__,prometheus_tsdb_compaction_chunk_samples_bucket
instance,localhost:9090
job,prometheus
le,45.5625
__name__,prometheus_tsdb_compaction_chunk_samples_bucket
instance,localhost:9090
job,prometheus
le,6
__name__,prometheus_tsdb_compaction_chunk_samples_bucket
instance,localhost:9090
job,prometheus
le,+Inf
__name__,prometheus_tsdb_compaction_chunk_samples_bucket
instance,localhost:9090
job,prometheus
le,68.34375
__name__,prometheus_tsdb_compaction_chunk_samples_bucket
instance,localhost:9090
job,prometheus
le,30.375
__name__,prometheus_tsdb_compaction_chunk_samples_bucket
instance,localhost:9090
job,prometheus
le,4
__name__,prometheus_tsdb_compaction_chunk_samples_count
instance,localhost:9090
job,prometheus
__name__,prometheus_tsdb_compaction_chunk_samples_sum
instance,localhost:9090
job,prometheus
__name__,prometheus_tsdb_compaction_chunk_size_bytes_bucket
instance,localhost:9090
job,prometheus
le,32
__name__,prometheus_tsdb_compaction_chunk_size_bytes_bucket
instance,localhost:9090
job,prometheus
le,364.5
__name__,prometheus_tsdb_compaction_chunk_size_bytes_bucket
instance,localhost:9090
job,prometheus
le,108
__name__,prometheus_tsdb_compaction_chunk_size_bytes_bucket
instance,localhost:9090
job,prometheus
le,72
__name__,prometheus_tsdb_compaction_chunk_size_bytes_bucket
instance,localhost:9090
job,prometheus
le,+Inf
__name__,prometheus_tsdb_compaction_chunk_size_bytes_bucket
instance,localhost:9090
job,prometheus
le,48
__name__,prometheus_tsdb_compaction_chunk_size_bytes_bucket
instance,localhost:9090
job,prometheus
le,243
__name__,prometheus_tsdb_compaction_chunk_size_bytes_bucket
instance,localhost:9090
job,prometheus
le,820.125
__name__,prometheus_tsdb_compaction_chunk_size_bytes_bucket
instance,localhost:9090
job,prometheus
le,1230.1875
__name__,prometheus_tsdb_compaction_chunk_size_bytes_bucket
instance,localhost:9090
job,prometheus
le,1845.28125
__name__,prometheus_tsdb_compaction_chunk_size_bytes_bucket
instance,localhost:9090
job,prometheus
le,2767.921875
__name__,prometheus_tsdb_compaction_chunk_size_bytes_bucket
instance,localhost:9090
job,prometheus
le,546.75
__name__,prometheus_tsdb_compaction_chunk_size_bytes_bucket
instance,localhost:9090
job,prometheus
le,162
__name__,prometheus_tsdb_compaction_chunk_size_bytes_count
instance,localhost:9090
job,prometheus
__name__,prometheus_tsdb_compaction_chunk_size_bytes_sum
instance,localhost:9090
job,prometheus
__name__,prometheus_tsdb_compaction_duration_seconds_bucket
instance,localhost:9090
job,prometheus
le,2
__name__,prometheus_tsdb_compaction_duration_seconds_bucket
instance,localhost:9090
job,prometheus
le,16
__name__,prometheus_tsdb_compaction_duration_seconds_bucket
instance,localhost:9090
job,prometheus
le,256
__name__,prometheus_tsdb_compaction_duration_seconds_bucket
instance,localhost:9090
job,prometheus
le,128
__name__,prometheus_tsdb_compaction_duration_seconds_bucket
instance,localhost:9090
job,prometheus
le,64
__name__,prometheus_tsdb_compaction_duration_seconds_bucket
instance,localhost:9090
job,prometheus
le,4
__name__,prometheus_tsdb_compaction_duration_seconds_bucket
instance,localhost:9090
job,prometheus
le,8
__name__,prometheus_tsdb_compaction_duration_seconds_bucket
instance,localhost:9090
job,prometheus
le,1
__name__,prometheus_tsdb_compaction_duration_seconds_bucket
instance,localhost:9090
job,prometheus
le,512
__name__,prometheus_tsdb_compaction_duration_seconds_bucket
instance,localhost:9090
job,prometheus
le,+Inf
__name__,prometheus_tsdb_compaction_duration_seconds_bucket
instance,localhost:9090
job,prometheus
le,32
__name__,prometheus_tsdb_compaction_duration_seconds_count
instance,localhost:9090
job,prometheus
__name__,prometheus_tsdb_compaction_duration_seconds_sum
instance,localhost:9090
job,prometheus
__name__,prometheus_tsdb_compaction_populating_block
instance,localhost:9090
job,prometheus
__name__,prometheus_tsdb_compactions_failed_total
instance,localhost:9090
job,prometheus
__name__,prometheus_tsdb_compactions_skipped_total
instance,localhost:9090
job,prometheus
__name__,prometheus_tsdb_compactions_total
instance,localhost:9090
job,prometheus
__name__,prometheus_tsdb_compactions_triggered_total
instance,localhost:9090
job,prometheus
__name__,prometheus_tsdb_head_active_appenders
instance,localhost:9090
job,prometheus
__name__,prometheus_tsdb_head_chunks
instance,localhost:9090
job,prometheus
__name__,prometheus_tsdb_head_chunks_created_total
instance,localhost:9090
job,prometheus
__name__,prometheus_tsdb_head_chunks_removed_total
instance,localhost:9090
job,prometheus
__name__,prometheus_tsdb_head_gc_duration_seconds_count
instance,localhost:9090
job,prometheus
__name__,prometheus_tsdb_head_gc_duration_seconds_sum
instance,localhost:9090
job,prometheus
__name__,prometheus_tsdb_head_max_time
instance,localhost:9090
job,prometheus
__name__,prometheus_tsdb_head_max_time_seconds
instance,localhost:9090
job,prometheus
__name__,prometheus_tsdb_head_min_time
instance,localhost:9090
job,prometheus
__name__,prometheus_tsdb_head_min_time_seconds
instance,localhost:9090
job,prometheus
__name__,prometheus_tsdb_head_samples_appended_total
instance,localhost:9090
job,prometheus
__name__,prometheus_tsdb_head_series
instance,localhost:9090
job,prometheus
__name__,prometheus_tsdb_head_series_created_total
instance,localhost:9090
job,prometheus
__name__,prometheus_tsdb_head_series_not_found_total
instance,localhost:9090
job,prometheus
__name__,prometheus_tsdb_head_series_removed_total
instance,localhost:9090
job,prometheus
__name__,prometheus_tsdb_head_truncations_failed_total
instance,localhost:9090
job,prometheus
__name__,prometheus_tsdb_head_truncations_total
instance,localhost:9090
job,prometheus
__name__,prometheus_tsdb_isolation_high_watermark
instance,localhost:9090
job,prometheus
__name__,prometheus_tsdb_isolation_low_watermark
instance,localhost:9090
job,prometheus
__name__,prometheus_tsdb_lowest_timestamp
instance,localhost:9090
job,prometheus
__name__,prometheus_tsdb_lowest_timestamp_seconds
instance,localhost:9090
job,prometheus
__name__,prometheus_tsdb_mmap_chunk_corruptions_total
instance,localhost:9090
job,prometheus
__name__,prometheus_tsdb_out_of_bound_samples_total
instance,localhost:9090
job,prometheus
__name__,prometheus_tsdb_out_of_order_samples_total
instance,localhost:9090
job,prometheus
__name__,prometheus_tsdb_reloads_failures_total
instance,localhost:9090
job,prometheus
__name__,prometheus_tsdb_reloads_total
instance,localhost:9090
job,prometheus
__name__,prometheus_tsdb_retention_limit_bytes
instance,localhost:9090
job,prometheus
__name__,prometheus_tsdb_size_retentions_total
instance,localhost:9090
job,prometheus
__name__,prometheus_tsdb_storage_blocks_bytes
instance,localhost:9090
job,prometheus
__name__,prometheus_tsdb_symbol_table_size_bytes
instance,localhost:9090
job,prometheus
__name__,prometheus_tsdb_time_retentions_total
instance,localhost:9090
job,prometheus
__name__,prometheus_tsdb_tombstone_cleanup_seconds_bucket
instance,localhost:9090
job,prometheus
le,2.5
__name__,prometheus_tsdb_tombstone_cleanup_seconds_bucket
instance,localhost:9090
job,prometheus
le,1
__name__,prometheus_tsdb_tombstone_cleanup_seconds_bucket
instance,localhost:9090
job,prometheus
le,5
__name__,prometheus_tsdb_tombstone_cleanup_seconds_bucket
instance,localhost:9090
job,prometheus
le,10
__name__,prometheus_tsdb_tombstone_cleanup_seconds_bucket
instance,localhost:9090
job,prometheus
le,0.5
__name__,prometheus_tsdb_tombstone_cleanup_seconds_bucket
instance,localhost:9090
job,prometheus
le,0.25
__name__,prometheus_tsdb_tombstone_cleanup_seconds_bucket
instance,localhost:9090
job,prometheus
le,0.1
__name__,prometheus_tsdb_tombstone_cleanup_seconds_bucket
instance,localhost:9090
job,prometheus
le,+Inf
__name__,prometheus_tsdb_tombstone_cleanup_seconds_bucket
instance,localhost:9090
job,prometheus
le,0.01
__name__,prometheus_tsdb_tombstone_cleanup_seconds_bucket
instance,localhost:9090
job,prometheus
le,0.05
__name__,prometheus_tsdb_tombstone_cleanup_seconds_bucket
instance,localhost:9090
job,prometheus
le,0.005
__name__,prometheus_tsdb_tombstone_cleanup_seconds_bucket
instance,localhost:9090
job,prometheus
le,0.025
__name__,prometheus_tsdb_tombstone_cleanup_seconds_count
instance,localhost:9090
job,prometheus
__name__,prometheus_tsdb_tombstone_cleanup_seconds_sum
instance,localhost:9090
job,prometheus
__name__,prometheus_tsdb_vertical_compactions_total
instance,localhost:9090
job,prometheus
__name__,prometheus_tsdb_wal_completed_pages_total
instance,localhost:9090
job,prometheus
__name__,prometheus_tsdb_wal_corruptions_total
instance,localhost:9090
job,prometheus
__name__,prometheus_tsdb_wal_fsync_duration_seconds
instance,localhost:9090
job,prometheus
quantile,0.99
__name__,prometheus_tsdb_wal_fsync_duration_seconds
instance,localhost:9090
job,prometheus
quantile,0.5
__name__,prometheus_tsdb_wal_fsync_duration_seconds
instance,localhost:9090
job,prometheus
quantile,0.9
__name__,prometheus_tsdb_wal_fsync_duration_seconds_count
instance,localhost:9090
job,prometheus
__name__,prometheus_tsdb_wal_fsync_duration_seconds_sum
instance,localhost:9090
job,prometheus
__name__,prometheus_tsdb_wal_page_flushes_total
instance,localhost:9090
job,prometheus
__name__,prometheus_tsdb_wal_segment_current
instance,localhost:9090
job,prometheus
__name__,prometheus_tsdb_wal_truncate_duration_seconds_count
instance,localhost:9090
job,prometheus
__name__,prometheus_tsdb_wal_truncate_duration_seconds_sum
instance,localhost:9090
job,prometheus
__name__,prometheus_tsdb_wal_truncations_failed_total
instance,localhost:9090
job,prometheus
__name__,prometheus_tsdb_wal_truncations_total
instance,localhost:9090
job,prometheus
__name__,prometheus_tsdb_wal_writes_failed_total
instance,localhost:9090
job,prometheus
__name__,prometheus_wal_watcher_current_segment
consumer,bcf735
instance,localhost:9090
job,prometheus
__name__,prometheus_wal_watcher_record_decode_failures_total
consumer,bcf735
instance,localhost:9090
job,prometheus
__name__,prometheus_wal_watcher_records_read_total
consumer,bcf735
instance,localhost:9090
job,prometheus
type,series
__name__,prometheus_wal_watcher_records_read_total
consumer,bcf735
instance,localhost:9090
job,prometheus
type,samples
__name__,prometheus_wal_watcher_samples_sent_pre_tailing_total
consumer,bcf735
instance,localhost:9090
job,prometheus
__name__,prometheus_web_federation_errors_total
instance,localhost:9090
job,prometheus
__name__,prometheus_web_federation_warnings_total
instance,localhost:9090
job,prometheus
__name__,promhttp_metric_handler_requests_in_flight
instance,localhost:9090
job,prometheus
__name__,promhttp_metric_handler_requests_total
code,500
instance,localhost:9090
job,prometheus
__name__,promhttp_metric_handler_requests_total
code,503
instance,localhost:9090
job,prometheus
__name__,promhttp_metric_handler_requests_total
code,200
instance,localhost:9090
job,prometheus
__name__,scrape_duration_seconds
instance,localhost:9090
job,prometheus
__name__,scrape_samples_post_metric_relabeling
instance,localhost:9090
job,prometheus
__name__,scrape_samples_scraped
instance,localhost:9090
job,prometheus
__name__,scrape_series_added
instance,localhost:9090
job,prometheus